1007,a1007,2016-11-03,sean@gmail.com
1008,a1008,2016-11-03,sean@gmail.com
1009,a1009,2016-11-03,sean@gmail.com
1010,a1010,2016-11-03,sean@gmail.com
1011,a1011,2016-11-03,sean@gmail.com
1012,a1012,2016-11-03,sean@gmail.com
1013,a1013,2016-11-03,sean@gmail.com
1014,a1014,2016-11-03,sean@gmail.com
1015,a1015,2016-11-03,sean@gmail.com
1016,a1016,2016-11-03,sean@gmail.com
1017,a1017,2016-11-03,sean@gmail.com
1018,a1018,2016-11-03,sean@gmail.com
1019,a1019,2016-11-03,sean@gmail.com
1020,a1020,2016-11-03,sean@gmail.com
1021,a1021,2016-11-03,sean@gmail.com
1022,a1022,2016-11-03,sean@gmail.com
1023,a1023,2016-11-03,sean@gmail.com
1024,a1024,2016-11-03,sean@gmail.com
1025,a1025,2016-11-03,sean@gmail.com
1026,a1026,2016-10-24,sean@gmail.com
1027,a1027,2016-10-24,sean@gmail.com
1028,a1028,2016-10-24,sean@gmail.com
1029,a1029,2016-10-24,sean@gmail.com
1030,a1030,2016-10-24,sean@gmail.com
1031,a1031,2016-10-24,sean@gmail.com
1032,a1032,2016-10-24,sean@gmail.com
1033,a1033,2016-10-24,sean@gmail.com
1034,a1034,2016-10-24,sean@gmail.com
1035,a1035,2016-10-24,sean@gmail.com
1036,a1036,2016-10-24,sean@gmail.com
1037,a1037,2016-10-24,sean@gmail.com
1038,a1038,2015-11-04,sean@gmail.com
1039,a1039,2015-11-04,sean@gmail.com
1040,a1040,2015-11-04,sean@gmail.com
1041,a1041,2015-11-04,sean@gmail.com
1042,a1042,2015-11-04,sean@gmail.com
1043,a1043,2015-11-04,sean@gmail.com
1044,a1044,2015-11-04,sean@gmail.com
1045,a1045,2015-11-04,sean@gmail.com
1046,a1046,2015-11-04,sean@gmail.com
1047,a1047,2014-11-04,sean@gmail.com
1048,a1048,2014-11-04,sean@gmail.com
1049,a1049,2014-11-04,sean@gmail.com
1050,a1050,2014-11-04,sean@gmail.com
1051,a1051,2014-11-04,sean@gmail.com
1052,a1052,2014-11-04,sean@gmail.com
1053,a1053,2014-11-04,sean@gmail.com
1054,a1054,2014-11-04,sean@gmail.com
1055,a1055,2014-11-04,sean@gmail.com
1056,a1056,2014-11-04,sean@gmail.com
1057,a1057,2014-11-04,sean@gmail.com
1058,a1058,2014-11-04,sean@gmail.com
1059,a1059,2014-11-04,sean@gmail.com
1060,a1060,2014-11-04,sean@gmail.com
1061,a1061,2014-11-04,sean@gmail.com
1062,a1062,2014-11-04,sean@gmail.com
1063,a1063,2014-11-04,sean@gmail.com
1064,a1064,2014-11-04,sean@gmail.com
1065,a1065,2014-11-04,sean@gmail.com
1066,a1066,2014-11-04,sean@gmail.com
1067,a1067,2014-11-04,sean@gmail.com
1068,a1068,2014-11-04,sean@gmail.com
1069,a1069,2014-11-04,sean@gmail.com
1070,a1070,2014-11-04,sean@gmail.com
1071,a1071,2014-11-04,sean@gmail.com
1072,a1072,2014-11-04,sean@gmail.com
1073,a1073,2014-11-04,sean@gmail.com
1074,a1074,2014-11-04,sean@gmail.com
1075,a1075,2014-11-04,sean@gmail.com
1076,a1076,2014-11-04,sean@gmail.com
1077,a1077,2014-11-04,sean@gmail.com
1078,a1078,2014-11-04,sean@gmail.com
1079,a1079,2014-11-04,sean@gmail.com
1080,a1080,2014-11-04,sean@gmail.com
1081,a1081,2014-11-04,sean@gmail.com
1082,a1082,2014-11-04,sean@gmail.com
1083,a1083,2014-11-04,sean@gmail.com
1084,a1084,2014-11-04,sean@gmail.com
1085,a1085,2014-11-04,sean@gmail.com
1086,a1086,2014-11-04,sean@gmail.com
1087,a1087,2014-11-04,sean@gmail.com
1088,a1088,2014-11-04,sean@gmail.com
1089,a1089,2014-11-04,sean@gmail.com
1090,a1090,2014-11-04,sean@gmail.com
1091,a1091,2014-11-04,sean@gmail.com
1092,a1092,2014-11-04,sean@gmail.com
1093,a1093,2014-11-04,sean@gmail.com
1094,a1094,2014-11-04,sean@gmail.com
1095,a1095,2014-11-04,sean@gmail.com
1096,a1096,2014-11-04,sean@gmail.com
1097,a1097,2014-11-04,sean@gmail.com
1098,a1098,2014-11-04,sean@gmail.com
1099,a1099,2014-11-04,sean@gmail.com
1100,a1100,2014-11-04,sean@gmail.com
1101,a1101,2013-11-04,sean@gmail.com
1102,a1102,2013-11-04,sean@gmail.com
1103,a1103,2013-11-04,sean@gmail.com
1104,a1104,2013-11-04,sean@gmail.com
1105,a1105,2013-11-04,sean@gmail.com
1106,a1106,2013-11-04,sean@gmail.com
1107,a1107,2013-11-04,sean@gmail.com
1108,a1108,2013-11-04,sean@gmail.com
1109,a1109,2013-11-04,sean@gmail.com
1110,a1110,2013-11-04,sean@gmail.com
1111,a1111,2013-11-04,sean@gmail.com
1112,a1112,2013-11-04,sean@gmail.com
1113,a1113,2013-11-04,sean@gmail.com
1114,a1114,2013-11-04,sean@gmail.com
1115,a1115,2013-11-04,sean@gmail.com
1116,a1116,2013-11-04,sean@gmail.com
1117,a1117,2013-11-04,sean@gmail.com
1118,a1118,2013-11-04,sean@gmail.com
1119,a1119,2013-11-04,sean@gmail.com
1120,a1120,2013-11-04,sean@gmail.com
1121,a1121,2013-11-04,sean@gmail.com
1122,a1122,2013-11-04,sean@gmail.com
1123,a1123,2013-11-04,sean@gmail.com
1124,a1124,2013-11-04,sean@gmail.com
1125,a1125,2013-11-04,sean@gmail.com
1126,a1126,2013-11-04,sean@gmail.com
1127,a1127,2013-11-04,sean@gmail.com
1128,a1128,2013-11-04,sean@gmail.com
1129,a1129,2013-11-04,sean@gmail.com
1130,a1130,2013-11-04,sean@gmail.com
1131,a1131,2013-11-04,sean@gmail.com
1132,a1132,2013-11-04,sean@gmail.com
1133,a1133,2013-11-04,sean@gmail.com
1134,a1134,2013-11-04,sean@gmail.com
1135,a1135,2013-11-04,sean@gmail.com
1136,a1136,2013-11-04,sean@gmail.com
1137,a1137,2013-11-04,sean@gmail.com
1138,a1138,2013-11-04,sean@gmail.com
1139,a1139,2013-11-04,sean@gmail.com
1140,a1140,2013-11-04,sean@gmail.com
1141,a1141,2013-11-04,sean@gmail.com
1142,a1142,2013-11-04,sean@gmail.com
1143,a1143,2013-11-04,sean@gmail.com
1144,a1144,2013-11-04,sean@gmail.com
1145,a1145,2013-11-04,sean@gmail.com
1146,a1146,2013-11-04,sean@gmail.com
1147,a1147,2013-11-04,sean@gmail.com
1148,a1148,2013-11-04,sean@gmail.com
1149,a1149,2013-11-04,sean@gmail.com
1150,a1150,2013-11-04,sean@gmail.com
1151,a1151,2013-11-04,sean@gmail.com
1152,a1152,2013-11-04,sean@gmail.com
1153,a1153,2013-11-04,sean@gmail.com
1154,a1154,2013-11-04,sean@gmail.com
1155,a1155,2013-11-04,sean@gmail.com
1156,a1156,2013-11-04,sean@gmail.com
1157,a1157,2013-11-04,sean@gmail.com
1158,a1158,2013-11-04,sean@gmail.com
1159,a1159,2013-11-04,sean@gmail.com
1160,a1160,2013-11-04,sean@gmail.com
1161,a1161,2013-11-04,sean@gmail.com
1162,a1162,2013-11-04,sean@gmail.com
1163,a1163,2013-11-04,sean@gmail.com
1164,a1164,2013-11-04,sean@gmail.com
1165,a1165,2013-11-04,sean@gmail.com
1166,a1166,2013-11-04,sean@gmail.com
1167,a1167,2013-11-04,sean@gmail.com
1168,a1168,2013-11-04,sean@gmail.com
1169,a1169,2013-11-04,sean@gmail.com
1170,a1170,2013-11-04,sean@gmail.com
1171,a1171,2013-11-04,sean@gmail.com
1172,a1172,2013-11-04,sean@gmail.com
1173,a1173,2013-11-04,sean@gmail.com
1174,a1174,2013-11-04,sean@gmail.com
1175,a1175,2013-11-04,sean@gmail.com
1176,a1176,2013-11-04,sean@gmail.com
1177,a1177,2013-11-04,sean@gmail.com
1178,a1178,2013-11-04,sean@gmail.com
1179,a1179,2013-11-04,sean@gmail.com
1180,a1180,2013-11-04,sean@gmail.com
1181,a1181,2013-11-04,sean@gmail.com
1182,a1182,2013-11-04,sean@gmail.com
1183,a1183,2013-11-04,sean@gmail.com
1184,a1184,2013-11-04,sean@gmail.com
1185,a1185,2013-11-04,sean@gmail.com
1186,a1186,2013-11-04,sean@gmail.com
1187,a1187,2013-11-04,sean@gmail.com
1188,a1188,2013-11-04,sean@gmail.com
1189,a1189,2013-11-04,sean@gmail.com
1190,a1190,2013-11-04,sean@gmail.com
1191,a1191,2013-11-04,sean@gmail.com
1192,a1192,2013-11-04,sean@gmail.com
1193,a1193,2013-11-04,sean@gmail.com
1194,a1194,2013-11-04,sean@gmail.com
1195,a1195,2013-11-04,sean@gmail.com
1196,a1196,2013-11-04,sean@gmail.com
1197,a1197,2013-11-04,sean@gmail.com
1198,a1198,2013-11-04,sean@gmail.com
1199,a1199,2013-11-04,sean@gmail.com
1200,a1200,2013-11-04,sean@gmail.com
1201,a1201,2013-11-04,sean@gmail.com
1202,a1202,2013-11-04,sean@gmail.com
1203,a1203,2013-11-04,sean@gmail.com
1204,a1204,2013-11-04,sean@gmail.com
1205,a1205,2013-11-04,sean@gmail.com
1206,a1206,2013-11-04,sean@gmail.com
1207,a1207,2013-11-04,sean@gmail.com
1208,a1208,2013-11-04,sean@gmail.com
1209,a1209,2013-11-04,sean@gmail.com
1210,a1210,2013-11-04,sean@gmail.com
1211,a1211,2013-11-04,sean@gmail.com
1212,a1212,2013-11-04,sean@gmail.com
1213,a1213,2013-11-04,sean@gmail.com
1214,a1214,2013-11-04,sean@gmail.com
1215,a1215,2013-11-04,sean@gmail.com
1216,a1216,2013-11-04,sean@gmail.com
1217,a1217,2013-11-04,sean@gmail.com
1218,a1218,2013-11-04,sean@gmail.com
1219,a1219,2013-11-04,sean@gmail.com
1220,a1220,2013-11-04,sean@gmail.com
1221,a1221,2013-11-04,sean@gmail.com
1222,a1222,2013-11-04,sean@gmail.com
1223,a1223,2013-11-04,sean@gmail.com
